{"objects": [{"name": "book", "X_WO": [[0.994816780090332, -0.09824817627668381, -0.02620762586593628, -0.3481937050819397], [-0.07540054619312286, -0.5398324131965637, -0.8383887410163879, 0.03981217369437218], [0.06822244077920914, 0.8360192775726318, -0.5444422960281372, 1.1808873414993286], [0.0, 0.0, 0.0, 1.0]], "bound_box": [[-0.21603064239025116, -0.10727600008249283, -0.21603062748908997], [0.21603064239025116, 0.10727600008249283, 0.21603062748908997]], "instance_id": 255}, {"name": "cup", "X_WO": [[0.9726135730743408, 0.23094594478607178, -0.026207633316516876, 0.18772409856319427], [0.10443802177906036, -0.5349738001823425, -0.8383888006210327, 0.11038370430469513], [-0.20764288306236267, 0.8126912117004395, -0.5444422960281372, 0.9938814043998718], [0.0, 0.0, 0.0, 1.0]], "bound_box": [[-0.10683342814445496, -0.10683341324329376, -0.10683341324329376], [0.10683342814445496, 0.10683341324329376, 0.10683341324329376]], "instance_id": 150}, {"name": "laptop", "X_WO": [[0.9726135730743408, 0.23094594478607178, -0.026207633316516876, -0.04560691863298416], [0.10443802177906036, -0.5349738001823425, -0.8383888006210327, -0.028254151344299316], [-0.20764288306236267, 0.8126912117004395, -0.5444422960281372, 1.0860108137130737], [0.0, 0.0, 0.0, 1.0]], "bound_box": [[-0.21603065729141235, -0.21603065729141235, -0.21603065729141235], [0.21603065729141235, 0.21603065729141235, 0.21603065729141235]], "instance_id": 200}, {"name": "potted pant", "X_WO": [[0.9726135730743408, 0.23094594478607178, -0.026207633316516876, 0.23401397466659546], [0.10443802177906036, -0.5349738001823425, -0.8383888006210327, -0.044421300292015076], [-0.20764288306236267, 0.8126912117004395, -0.5444422960281372, 1.088748574256897], [0.0, 0.0, 0.0, 1.0]], "bound_box": [[-0.10683345049619675, -0.181345134973526, -0.11855601519346237], [0.10683345049619675, 0.181345134973526, 0.11855601519346237]], "instance_id": 100}]}